SIRE,DAM,MATE DATE,?  ID,DIST,BEANS,DISP. DATE,?,?,FREEZE DATE
1,1,2016-OCT-27,1,115,5,2016-NOV-26,10,13,2017-JAN-03
1,1,2016-OCT-27,2,114,3,2016-NOV-26,3,3,2017-JAN-03
1,1,2016-OCT-27,3,113,1,2016-NOV-26,4,2,2017-JAN-03
1,1,2016-OCT-27,4,112,5,2016-NOV-26,9,9,2017-JAN-03
1,1,2016-OCT-27,5,112,10,2016-NOV-26,6,11,2017-JAN-03
1,1,2016-OCT-27,6,112,1,2016-NOV-26,5,1,2017-JAN-03
1,1,2016-OCT-27,7,119,3,2016-NOV-26,10,8,2017-JAN-03
1,1,2016-OCT-27,8,111,10,2016-NOV-26,18,16,2017-JAN-03
1,2,2016-OCT-27,1,126,3,2016-NOV-26,14,12,2017-JAN-03
1,2,2016-OCT-27,2,123,3,2016-NOV-26,1,1,2017-JAN-03
1,2,2016-OCT-27,3,120,10,2016-NOV-26,19,7,2017-JAN-03
1,2,2016-OCT-27,4,116,10,2016-NOV-26,10,8,2017-JAN-03
1,2,2016-OCT-27,5,114,1,2016-NOV-26,5,2,2017-JAN-03
1,2,2016-OCT-27,6,114,5,2016-NOV-26,9,8,2017-JAN-03
1,2,2016-OCT-27,7,108,5,2016-NOV-26,9,9,2017-JAN-03
1,2,2016-OCT-27,8,113,1,2016-NOV-26,1,1,2017-JAN-03
1,3,2016-OCT-27,1,114,5,2016-NOV-26,1,1,2017-JAN-03
1,3,2016-OCT-27,2,94,3,2016-NOV-26,2,3,2017-JAN-03
1,3,2016-OCT-27,3,117,1,2016-NOV-26,1,2,2017-JAN-03
1,3,2016-OCT-27,4,134,10,2016-NOV-26,1,2,2017-JAN-03
1,3,2016-OCT-27,5,127,5,2016-NOV-26,10,14,2017-JAN-03
1,3,2016-OCT-27,6,120,10,2016-NOV-26,2,1,2017-JAN-03
1,3,2016-OCT-27,7,120,1,2016-NOV-26,1,1,2017-JAN-03
1,3,2016-OCT-27,8,119,3,2016-NOV-26,8,10,2017-JAN-03
2,1,2016-OCT-27,1,115,3,2016-NOV-26,1,1,2017-JAN-03
2,1,2016-OCT-27,2,115,5,2016-NOV-26,1,1,2017-JAN-03
2,1,2016-OCT-27,3,114,1,2016-NOV-26,1,1,2017-JAN-03
2,1,2016-OCT-27,4,114,3,2016-NOV-26,1,1,2017-JAN-03
2,1,2016-OCT-27,5,114,1,2016-NOV-26,2,4,2017-JAN-03
2,1,2016-OCT-27,6,115,10,2016-NOV-26,16,18,2017-JAN-03
2,1,2016-OCT-27,7,116,5,2016-NOV-26,14,14,2017-JAN-03
2,1,2016-OCT-27,8,119,10,2016-NOV-26,1,1,2017-JAN-03
2,2,2016-OCT-27,1,98,3,2016-NOV-26,9,7,2017-JAN-03
2,2,2016-OCT-27,2,117,10,2016-NOV-26,3,8,2017-JAN-03
2,2,2016-OCT-27,3,118,1,2016-NOV-26,4,8,2017-JAN-03
2,2,2016-OCT-27,4,120,5,2016-NOV-26,1,1,2017-JAN-03
2,2,2016-OCT-27,5,121,3,2016-NOV-26,13,5,2017-JAN-03
2,2,2016-OCT-27,6,96,10,2016-NOV-26,3,2,2017-JAN-03
2,2,2016-OCT-27,7,125,1,2016-NOV-26,1,7,2017-JAN-03
2,2,2016-OCT-27,8,NA,5,2016-NOV-26,NA,NA,2017-JAN-03
2,3,2016-OCT-27,1,9,5,2016-NOV-26,11,15,2017-JAN-03
2,3,2016-OCT-27,2,12,1,2016-NOV-26,3,2,2017-JAN-03
2,3,2016-OCT-27,3,15,10,2016-NOV-26,20,24,2017-JAN-03
2,3,2016-OCT-27,4,15,3,2016-NOV-26,5,17,2017-JAN-03
2,3,2016-OCT-27,5,20,5,2016-NOV-26,24,11,2017-JAN-03
2,3,2016-OCT-27,6,40,10,2016-NOV-26,12,20,2017-JAN-03
2,3,2016-OCT-27,7,7,1,2016-NOV-26,3,5,2017-JAN-03
2,3,2016-OCT-27,8,11,3,2016-NOV-26,15,13,2017-JAN-03
3,1,2016-OCT-27,1,71,5,2016-NOV-26,9,11,2017-JAN-03
3,1,2016-OCT-27,2,70,3,2016-NOV-26,1,1,2017-JAN-03
3,1,2016-OCT-27,3,69,1,2016-NOV-26,4,2,2017-JAN-03
3,1,2016-OCT-27,4,67,5,2016-NOV-26,1,1,2017-JAN-03
3,1,2016-OCT-27,5,64,1,2016-NOV-26,8,3,2017-JAN-03
3,1,2016-OCT-27,6,63,10,2016-NOV-26,2,3,2017-JAN-03
3,1,2016-OCT-27,7,62,10,2016-NOV-26,7,10,2017-JAN-03
3,1,2016-OCT-27,8,62,3,2016-NOV-26,11,5,2017-JAN-03
3,2,2016-OCT-27,1,69,5,2016-NOV-26,9,7,2017-JAN-03
3,2,2016-OCT-27,2,67,1,2016-NOV-26,5,8,2017-JAN-03
3,2,2016-OCT-27,3,63,5,2016-NOV-26,20,16,2017-JAN-03
3,2,2016-OCT-27,4,61,3,2016-NOV-26,15,10,2017-JAN-03
3,2,2016-OCT-27,5,57,10,2016-NOV-26,32,26,2017-JAN-03
3,2,2016-OCT-27,6,67,10,2016-NOV-26,1,1,2017-JAN-03
3,2,2016-OCT-27,7,82,3,2016-NOV-26,3,12,2017-JAN-03
3,2,2016-OCT-27,8,79,1,2016-NOV-26,4,2,2017-JAN-03
3,3,2016-OCT-27,1,47,10,2016-NOV-26,1,1,2017-JAN-03
3,3,2016-OCT-27,2,74,5,2016-NOV-26,13,23,2017-JAN-03
3,3,2016-OCT-27,3,66,1,2016-NOV-26,1,1,2017-JAN-03
3,3,2016-OCT-27,4,76,5,2016-NOV-26,10,7,2017-JAN-03
3,3,2016-OCT-27,5,73,1,2016-NOV-26,6,6,2017-JAN-03
3,3,2016-OCT-27,6,58,3,2016-NOV-26,13,10,2017-JAN-03
3,3,2016-OCT-27,7,58,3,2016-NOV-26,2,3,2017-JAN-03
3,3,2016-OCT-27,8,74,10,2016-NOV-26,3,3,2017-JAN-03
4,1,2016-OCT-27,1,19,1,2016-NOV-26,4,2,2017-JAN-03
4,1,2016-OCT-27,2,21,10,2016-NOV-26,1,1,2017-JAN-03
4,1,2016-OCT-27,3,19,10,2016-NOV-26,24,24,2017-JAN-03
4,1,2016-OCT-27,4,19,3,2016-NOV-26,9,5,2017-JAN-03
4,1,2016-OCT-27,5,19,1,2016-NOV-26,6,7,2017-JAN-03
4,1,2016-OCT-27,6,23,3,2016-NOV-26,9,9,2017-JAN-03
4,1,2016-OCT-27,7,21,5,2016-NOV-26,23,24,2017-JAN-03
4,1,2016-OCT-27,8,15,5,2016-NOV-26,1,2,2017-JAN-03
4,3,2016-OCT-27,1,9,10,2016-NOV-26,8,7,2017-JAN-03
4,3,2016-OCT-27,2,7,3,2016-NOV-26,1,3,2017-JAN-03
4,3,2016-OCT-27,3,8,5,2016-NOV-26,12,8,2017-JAN-03
4,3,2016-OCT-27,4,5,1,2016-NOV-26,1,2,2017-JAN-03
4,3,2016-OCT-27,5,15,3,2016-NOV-26,10,9,2017-JAN-03
4,3,2016-OCT-27,6,15,5,2016-NOV-26,5,3,2017-JAN-03
4,3,2016-OCT-27,7,13,10,2016-NOV-26,19,19,2017-JAN-03
4,3,2016-OCT-27,8,12,1,2016-NOV-26,3,2,2017-JAN-03
5,1,2016-OCT-27,1,8,3,2016-NOV-26,4,5,2017-JAN-03
5,1,2016-OCT-27,2,28,5,2016-NOV-26,11,10,2017-JAN-03
5,1,2016-OCT-27,3,29,3,2016-NOV-26,15,13,2017-JAN-03
5,1,2016-OCT-27,4,12,5,2016-NOV-26,4,5,2017-JAN-03
5,1,2016-OCT-27,5,13,10,2016-NOV-26,7,8,2017-JAN-03
5,1,2016-OCT-27,6,18,1,2016-NOV-26,4,3,2017-JAN-03
5,1,2016-OCT-27,7,24,1,2016-NOV-26,9,7,2017-JAN-03
5,1,2016-OCT-27,8,26,10,2016-NOV-26,12,14,2017-JAN-03
5,2,2016-OCT-27,1,87,10,2016-NOV-26,36,28,2017-JAN-03
5,2,2016-OCT-27,2,77,10,2016-NOV-26,22,28,2017-JAN-03
5,2,2016-OCT-27,3,88,5,2016-NOV-26,2,1,2017-JAN-03
5,2,2016-OCT-27,4,86,5,2016-NOV-26,10,6,2017-JAN-03
5,2,2016-OCT-27,5,77,3,2016-NOV-26,7,5,2017-JAN-03
5,2,2016-OCT-27,6,74,1,2016-NOV-26,1,2,2017-JAN-03
5,2,2016-OCT-27,7,69,3,2016-NOV-26,4,5,2017-JAN-03
5,2,2016-OCT-27,8,63,1,2016-NOV-26,5,11,2017-JAN-03
5,3,2016-OCT-27,1,64,1,2016-NOV-26,1,1,2017-JAN-03
5,3,2016-OCT-27,2,63,3,2016-NOV-26,16,11,2017-JAN-03
5,3,2016-OCT-27,3,63,10,2016-NOV-26,4,12,2017-JAN-03
5,3,2016-OCT-27,4,62,10,2016-NOV-26,4,13,2017-JAN-03
5,3,2016-OCT-27,5,60,5,2016-NOV-26,2,3,2017-JAN-03
5,3,2016-OCT-27,6,68,3,2016-NOV-26,10,10,2017-JAN-03
5,3,2016-OCT-27,7,66,5,2016-NOV-26,11,17,2017-JAN-03
5,3,2016-OCT-27,8,65,1,2016-NOV-26,4,10,2017-JAN-03
6,1,2016-OCT-27,1,74,1,2016-NOV-26,3,4,2017-JAN-03
6,1,2016-OCT-27,2,71,5,2016-NOV-26,11,21,2017-JAN-03
6,1,2016-OCT-27,3,65,10,2016-NOV-26,9,19,2017-JAN-03
6,1,2016-OCT-27,4,64,10,2016-NOV-26,8,4,2017-JAN-03
6,1,2016-OCT-27,5,62,5,2016-NOV-26,13,10,2017-JAN-03
6,1,2016-OCT-27,6,88,1,2016-NOV-26,5,5,2017-JAN-03
6,1,2016-OCT-27,7,56,3,2016-NOV-26,2,2,2017-JAN-03
6,1,2016-OCT-27,8,56,3,2016-NOV-26,6,4,2017-JAN-03
6,2,2016-OCT-27,1,63,5,2016-NOV-26,6,5,2017-JAN-03
6,2,2016-OCT-27,2,66,10,2016-NOV-26,6,4,2017-JAN-03
6,2,2016-OCT-27,3,67,5,2016-NOV-26,12,12,2017-JAN-03
6,2,2016-OCT-27,4,67,10,2016-NOV-26,8,4,2017-JAN-03
6,2,2016-OCT-27,5,69,3,2016-NOV-26,1,1,2017-JAN-03
6,2,2016-OCT-27,6,73,3,2016-NOV-26,6,8,2017-JAN-03
6,2,2016-OCT-27,7,58,1,2016-NOV-26,5,2,2017-JAN-03
6,2,2016-OCT-27,8,72,1,2016-NOV-26,5,5,2017-JAN-03
6,3,2016-OCT-27,1,107,10,2016-NOV-26,5,8,2017-JAN-03
6,3,2016-OCT-27,2,108,3,2016-NOV-26,6,11,2017-JAN-03
6,3,2016-OCT-27,3,117,1,2016-NOV-26,3,3,2017-JAN-03
6,3,2016-OCT-27,4,120,5,2016-NOV-26,23,19,2017-JAN-03
6,3,2016-OCT-27,5,95,5,2016-NOV-26,9,9,2017-JAN-03
6,3,2016-OCT-27,6,99,3,2016-NOV-26,4,5,2017-JAN-03
6,3,2016-OCT-27,7,107,10,2016-NOV-26,19,20,2017-JAN-03
6,3,2016-OCT-27,8,107,1,2016-NOV-26,3,3,2017-JAN-03
7,1,2016-OCT-27,1,61,10,2016-NOV-26,6,8,2017-JAN-03
7,1,2016-OCT-27,2,58,1,2016-NOV-26,6,6,2017-JAN-03
7,1,2016-OCT-27,3,71,1,2016-NOV-26,4,1,2017-JAN-03
7,1,2016-OCT-27,4,70,5,2016-NOV-26,7,12,2017-JAN-03
7,1,2016-OCT-27,5,70,3,2016-NOV-26,16,10,2017-JAN-03
7,1,2016-OCT-27,6,70,5,2016-NOV-26,14,18,2017-JAN-03
7,1,2016-OCT-27,7,68,3,2016-NOV-26,16,15,2017-JAN-03
7,1,2016-OCT-27,8,62,10,2016-NOV-26,23,16,2017-JAN-03
7,3,2016-OCT-27,1,103,10,2016-NOV-26,19,14,2017-JAN-03
7,3,2016-OCT-27,2,108,1,2016-NOV-26,3,3,2017-JAN-03
7,3,2016-OCT-27,3,114,5,2016-NOV-26,16,20,2017-JAN-03
7,3,2016-OCT-27,4,112,10,2016-NOV-26,17,12,2017-JAN-03
7,3,2016-OCT-27,5,108,3,2016-NOV-26,11,12,2017-JAN-03
7,3,2016-OCT-27,6,105,5,2016-NOV-26,8,12,2017-JAN-03
7,3,2016-OCT-27,7,104,1,2016-NOV-26,5,6,2017-JAN-03
7,3,2016-OCT-27,8,114,3,2016-NOV-26,10,14,2017-JAN-03
9,1,2016-OCT-27,1,-4,1,2016-NOV-26,1,1,2017-JAN-03
9,1,2016-OCT-27,2,18,10,2016-NOV-26,1,1,2017-JAN-03
9,1,2016-OCT-27,3,18,3,2016-NOV-26,1,1,2017-JAN-03
9,1,2016-OCT-27,4,15,5,2016-NOV-26,17,21,2017-JAN-03
9,1,2016-OCT-27,5,12,10,2016-NOV-26,1,1,2017-JAN-03
9,1,2016-OCT-27,6,14,3,2016-NOV-26,1,1,2017-JAN-03
9,1,2016-OCT-27,7,9,1,2016-NOV-26,9,5,2017-JAN-03
9,1,2016-OCT-27,8,0,5,2016-NOV-26,7,6,2017-JAN-03
9,2,2016-OCT-27,1,16,5,2016-NOV-26,1,1,2017-JAN-03
9,2,2016-OCT-27,2,17,3,2016-NOV-26,9,13,2017-JAN-03
9,2,2016-OCT-27,3,18,1,2016-NOV-26,1,1,2017-JAN-03
9,2,2016-OCT-27,4,21,1,2016-NOV-26,4,4,2017-JAN-03
9,2,2016-OCT-27,5,22,3,2016-NOV-26,10,9,2017-JAN-03
9,2,2016-OCT-27,6,24,5,2016-NOV-26,5,5,2017-JAN-03
9,2,2016-OCT-27,7,31,10,2016-NOV-26,19,17,2017-JAN-03
9,2,2016-OCT-27,8,12,10,2016-NOV-26,19,13,2017-JAN-03
9,3,2016-OCT-27,1,16,5,2016-NOV-26,1,1,2017-JAN-03
9,3,2016-OCT-27,2,14,1,2016-NOV-26,3,5,2017-JAN-03
9,3,2016-OCT-27,3,13,10,2016-NOV-26,36,33,2017-JAN-03
9,3,2016-OCT-27,4,11,5,2016-NOV-26,3,1,2017-JAN-03
9,3,2016-OCT-27,5,8,3,2016-NOV-26,8,6,2017-JAN-03
9,3,2016-OCT-27,6,25,10,2016-NOV-26,10,17,2017-JAN-03
9,3,2016-OCT-27,7,26,3,2016-NOV-26,8,11,2017-JAN-03
9,3,2016-OCT-27,8,24,1,2016-NOV-26,3,3,2017-JAN-03
10,1,2016-OCT-27,1,121,10,2016-NOV-26,4,1,2017-JAN-03
10,1,2016-OCT-27,2,119,3,2016-NOV-26,11,11,2017-JAN-03
10,1,2016-OCT-27,3,118,5,2016-NOV-26,1,1,2017-JAN-03
10,1,2016-OCT-27,4,115,1,2016-NOV-26,1,1,2017-JAN-03
10,1,2016-OCT-27,5,115,5,2016-NOV-26,1,1,2017-JAN-03
10,1,2016-OCT-27,6,115,3,2016-NOV-26,18,14,2017-JAN-03
10,1,2016-OCT-27,7,112,10,2016-NOV-26,6,7,2017-JAN-03
10,1,2016-OCT-27,8,106,1,2016-NOV-26,5,2,2017-JAN-03
10,2,2016-OCT-27,1,6,10,2016-NOV-26,17,15,2017-JAN-03
10,2,2016-OCT-27,2,25,1,2016-NOV-26,2,2,2017-JAN-03
10,2,2016-OCT-27,3,22,5,2016-NOV-26,9,13,2017-JAN-03
10,2,2016-OCT-27,4,18,3,2016-NOV-26,1,1,2017-JAN-03
10,2,2016-OCT-27,5,15,1,2016-NOV-26,3,3,2017-JAN-03
10,2,2016-OCT-27,6,7,3,2016-NOV-26,7,10,2017-JAN-03
10,2,2016-OCT-27,7,15,5,2016-NOV-26,6,7,2017-JAN-03
10,2,2016-OCT-27,8,14,10,2016-NOV-26,26,22,2017-JAN-03
10,3,2016-OCT-27,1,18,5,2016-NOV-26,1,1,2017-JAN-03
10,3,2016-OCT-27,2,8,1,2016-NOV-26,4,4,2017-JAN-03
10,3,2016-OCT-27,3,10,3,2016-NOV-26,3,5,2017-JAN-03
10,3,2016-OCT-27,4,10,3,2016-NOV-26,5,6,2017-JAN-03
10,3,2016-OCT-27,5,12,10,2016-NOV-26,7,2,2017-JAN-03
10,3,2016-OCT-27,6,7,1,2016-NOV-26,2,2,2017-JAN-03
10,3,2016-OCT-27,7,12,10,2016-NOV-26,3,5,2017-JAN-03
10,3,2016-OCT-27,8,18,5,2016-NOV-26,1,1,2017-JAN-03
11,1,2016-OCT-27,1,96,10,2016-NOV-26,6,4,2017-JAN-03
11,1,2016-OCT-27,2,105,10,2016-NOV-26,5,7,2017-JAN-03
11,1,2016-OCT-27,3,107,3,2016-NOV-26,11,19,2017-JAN-03
11,1,2016-OCT-27,4,111,3,2016-NOV-26,7,6,2017-JAN-03
11,1,2016-OCT-27,5,114,1,2016-NOV-26,3,4,2017-JAN-03
11,1,2016-OCT-27,6,115,5,2016-NOV-26,5,3,2017-JAN-03
11,1,2016-OCT-27,7,118,1,2016-NOV-26,5,4,2017-JAN-03
11,1,2016-OCT-27,8,117,5,2016-NOV-26,14,9,2017-JAN-03
11,2,2016-OCT-27,1,-1,1,2016-NOV-26,5,3,2017-JAN-03
11,2,2016-OCT-27,2,20,3,2016-NOV-26,1,1,2017-JAN-03
11,2,2016-OCT-27,3,-3,5,2016-NOV-26,10,11,2017-JAN-03
11,2,2016-OCT-27,4,11,10,2016-NOV-26,9,6,2017-JAN-03
11,2,2016-OCT-27,5,18,1,2016-NOV-26,1,1,2017-JAN-03
11,2,2016-OCT-27,6,18,5,2016-NOV-26,22,21,2017-JAN-03
11,2,2016-OCT-27,7,19,10,2016-NOV-26,8,13,2017-JAN-03
11,2,2016-OCT-27,8,23,3,2016-NOV-26,1,1,2017-JAN-03
11,3,2016-OCT-27,1,16,5,2016-NOV-26,11,8,2017-JAN-03
11,3,2016-OCT-27,2,11,5,2016-NOV-26,18,19,2017-JAN-03
11,3,2016-OCT-27,3,8,1,2016-NOV-26,1,1,2017-JAN-03
11,3,2016-OCT-27,4,10,1,2016-NOV-26,3,3,2017-JAN-03
11,3,2016-OCT-27,5,11,10,2016-NOV-26,5,18,2017-JAN-03
11,3,2016-OCT-27,6,17,3,2016-NOV-26,17,2,2017-JAN-03
11,3,2016-OCT-27,7,21,10,2016-NOV-26,23,21,2017-JAN-03
11,3,2016-OCT-27,8,13,3,2016-NOV-26,8,7,2017-JAN-03
12,1,2016-OCT-27,1,82,3,2016-NOV-26,15,18,2017-JAN-03
12,1,2016-OCT-27,2,81,5,2016-NOV-26,6,8,2017-JAN-03
12,1,2016-OCT-27,3,61,5,2016-NOV-26,10,12,2017-JAN-03
12,1,2016-OCT-27,4,62,10,2016-NOV-26,16,17,2017-JAN-03
12,1,2016-OCT-27,5,64,1,2016-NOV-26,6,11,2017-JAN-03
12,1,2016-OCT-27,6,70,1,2016-NOV-26,1,1,2017-JAN-03
12,1,2016-OCT-27,7,73,10,2016-NOV-26,2,2,2017-JAN-03
12,1,2016-OCT-27,8,52,3,2016-NOV-26,1,1,2017-JAN-03
12,2,2016-OCT-27,1,134,1,2016-NOV-26,3,2,2017-JAN-03
12,2,2016-OCT-27,2,112,3,2016-NOV-26,1,1,2017-JAN-03
12,2,2016-OCT-27,3,95,3,2016-NOV-26,11,11,2017-JAN-03
12,2,2016-OCT-27,4,109,5,2016-NOV-26,2,4,2017-JAN-03
12,2,2016-OCT-27,5,113,5,2016-NOV-26,12,15,2017-JAN-03
12,2,2016-OCT-27,6,132,10,2016-NOV-26,1,8,2017-JAN-03
12,2,2016-OCT-27,7,120,10,2016-NOV-26,12,15,2017-JAN-03
12,2,2016-OCT-27,8,126,1,2016-NOV-26,6,4,2017-JAN-03
12,3,2016-OCT-27,1,114,3,2016-NOV-26,10,16,2017-JAN-03
12,3,2016-OCT-27,2,103,5,2016-NOV-26,9,11,2017-JAN-03
12,3,2016-OCT-27,3,104,5,2016-NOV-26,1,5,2017-JAN-03
12,3,2016-OCT-27,4,105,10,2016-NOV-26,28,27,2017-JAN-03
12,3,2016-OCT-27,5,109,10,2016-NOV-26,1,1,2017-JAN-03
12,3,2016-OCT-27,6,122,1,2016-NOV-26,3,2,2017-JAN-03
12,3,2016-OCT-27,7,121,1,2016-NOV-26,2,5,2017-JAN-03
12,3,2016-OCT-27,8,119,3,2016-NOV-26,6,12,2017-JAN-03
14,2,2016-OCT-27,1,64,10,2016-NOV-26,1,1,2017-JAN-03
14,2,2016-OCT-27,2,78,3,2016-NOV-26,12,10,2017-JAN-03
14,2,2016-OCT-27,3,76,1,2016-NOV-26,5,2,2017-JAN-03
14,2,2016-OCT-27,4,61,1,2016-NOV-26,1,1,2017-JAN-03
14,2,2016-OCT-27,5,59,5,2016-NOV-26,4,9,2017-JAN-03
14,2,2016-OCT-27,6,59,10,2016-NOV-26,12,8,2017-JAN-03
14,2,2016-OCT-27,7,59,5,2016-NOV-26,13,13,2017-JAN-03
14,2,2016-OCT-27,8,59,3,2016-NOV-26,8,8,2017-JAN-03
14,3,2016-OCT-27,1,101,10,2016-NOV-26,7,19,2017-JAN-03
14,3,2016-OCT-27,2,108,3,2016-NOV-26,9,10,2017-JAN-03
14,3,2016-OCT-27,3,114,5,2016-NOV-26,1,1,2017-JAN-03
14,3,2016-OCT-27,4,114,10,2016-NOV-26,6,4,2017-JAN-03
14,3,2016-OCT-27,5,117,1,2016-NOV-26,4,7,2017-JAN-03
14,3,2016-OCT-27,6,131,3,2016-NOV-26,16,13,2017-JAN-03
14,3,2016-OCT-27,7,120,5,2016-NOV-26,15,21,2017-JAN-03
14,3,2016-OCT-27,8,112,1,2016-NOV-26,5,3,2017-JAN-03
17,1,2016-OCT-29,1,57,1,2016-NOV-28,7,12,2017-JAN-05
17,1,2016-OCT-29,2,58,3,2016-NOV-28,12,16,2017-JAN-05
17,1,2016-OCT-29,3,61,10,2016-NOV-28,18,20,2017-JAN-05
17,1,2016-OCT-29,4,62,5,2016-NOV-28,9,8,2017-JAN-05
17,1,2016-OCT-29,5,65,10,2016-NOV-28,27,35,2017-JAN-05
17,1,2016-OCT-29,6,68,3,2016-NOV-28,9,17,2017-JAN-05
17,1,2016-OCT-29,7,71,1,2016-NOV-28,5,1,2017-JAN-05
17,1,2016-OCT-29,8,NA,NA,2016-NOV-28,NA,NA,2017-JAN-05
17,2,2016-OCT-29,1,63,3,2016-NOV-28,12,9,2017-JAN-05
17,2,2016-OCT-29,2,62,1,2016-NOV-28,3,9,2017-JAN-05
17,2,2016-OCT-29,3,64,3,2016-NOV-28,12,14,2017-JAN-05
17,2,2016-OCT-29,4,65,10,2016-NOV-28,16,29,2017-JAN-05
17,2,2016-OCT-29,5,66,1,2016-NOV-28,3,7,2017-JAN-05
17,2,2016-OCT-29,6,69,10,2016-NOV-28,24,32,2017-JAN-05
17,2,2016-OCT-29,7,73,5,2016-NOV-28,8,14,2017-JAN-05
17,2,2016-OCT-29,8,64,5,2016-NOV-28,17,11,2017-JAN-05
19,1,2016-OCT-27,1,13,5,2016-NOV-26,2,3,2017-JAN-03
19,1,2016-OCT-27,2,9,3,2016-NOV-26,8,11,2017-JAN-03
19,1,2016-OCT-27,3,20,3,2016-NOV-26,1,2,2017-JAN-03
19,1,2016-OCT-27,4,24,10,2016-NOV-26,12,7,2017-JAN-03
19,1,2016-OCT-27,5,23,1,2016-NOV-26,3,6,2017-JAN-03
19,1,2016-OCT-27,6,23,10,2016-NOV-26,2,3,2017-JAN-03
19,1,2016-OCT-27,7,15,1,2016-NOV-26,1,2,2017-JAN-03
19,1,2016-OCT-27,8,14,5,2016-NOV-26,8,10,2017-JAN-03
19,2,2016-OCT-27,1,62,1,2016-NOV-26,4,10,2017-JAN-03
19,2,2016-OCT-27,2,66,5,2016-NOV-26,2,3,2017-JAN-03
19,2,2016-OCT-27,3,69,10,2016-NOV-26,2,1,2017-JAN-03
19,2,2016-OCT-27,4,69,3,2016-NOV-26,10,6,2017-JAN-03
19,2,2016-OCT-27,5,70,1,2016-NOV-26,3,8,2017-JAN-03
19,2,2016-OCT-27,6,62,10,2016-NOV-26,3,2,2017-JAN-03
19,2,2016-OCT-27,7,74,5,2016-NOV-26,10,7,2017-JAN-03
19,2,2016-OCT-27,8,69,3,2016-NOV-26,2,2,2017-JAN-03
19,3,2016-OCT-27,1,72,5,2016-NOV-26,1,3,2017-JAN-03
19,3,2016-OCT-27,2,65,3,2016-NOV-26,3,8,2017-JAN-03
19,3,2016-OCT-27,3,56,1,2016-NOV-26,5,9,2017-JAN-03
19,3,2016-OCT-27,4,72,10,2016-NOV-26,17,29,2017-JAN-03
19,3,2016-OCT-27,5,59,5,2016-NOV-26,17,19,2017-JAN-03
19,3,2016-OCT-27,6,57,1,2016-NOV-26,2,2,2017-JAN-03
19,3,2016-OCT-27,7,64,10,2016-NOV-26,18,27,2017-JAN-03
19,3,2016-OCT-27,8,56,3,2016-NOV-26,4,2,2017-JAN-03
21,1,2016-OCT-29,1,25,1,2016-NOV-28,2,2,2017-JAN-05
21,1,2016-OCT-29,2,26,3,2016-NOV-28,9,6,2017-JAN-05
21,1,2016-OCT-29,3,23,3,2016-NOV-28,8,14,2017-JAN-05
21,1,2016-OCT-29,4,20,10,2016-NOV-28,22,29,2017-JAN-05
21,1,2016-OCT-29,5,19,5,2016-NOV-28,1,1,2017-JAN-05
21,1,2016-OCT-29,6,18,1,2016-NOV-28,3,9,2017-JAN-05
21,1,2016-OCT-29,7,11,10,2016-NOV-28,13,18,2017-JAN-05
21,1,2016-OCT-29,8,10,5,2016-NOV-28,11,16,2017-JAN-05
21,2,2016-OCT-29,1,114,10,2016-NOV-28,19,18,2017-JAN-05
21,2,2016-OCT-29,2,115,5,2016-NOV-28,3,3,2017-JAN-05
21,2,2016-OCT-29,3,114,1,2016-NOV-28,4,3,2017-JAN-05
21,2,2016-OCT-29,4,115,3,2016-NOV-28,11,14,2017-JAN-05
21,2,2016-OCT-29,5,115,10,2016-NOV-28,33,30,2017-JAN-05
21,2,2016-OCT-29,6,115,1,2016-NOV-28,7,8,2017-JAN-05
21,2,2016-OCT-29,7,117,5,2016-NOV-28,13,16,2017-JAN-05
21,2,2016-OCT-29,8,114,3,2016-NOV-28,9,5,2017-JAN-05
22,2,2016-OCT-29,1,122,1,2016-NOV-28,3,5,2017-JAN-05
22,2,2016-OCT-29,2,122,1,2016-NOV-28,1,1,2017-JAN-05
22,2,2016-OCT-29,3,118,3,2016-NOV-28,8,11,2017-JAN-05
22,2,2016-OCT-29,4,105,10,2016-NOV-28,1,1,2017-JAN-05
22,2,2016-OCT-29,5,109,5,2016-NOV-28,15,9,2017-JAN-05
22,2,2016-OCT-29,6,114,10,2016-NOV-28,22,15,2017-JAN-05
22,2,2016-OCT-29,7,114,5,2016-NOV-28,8,16,2017-JAN-05
22,2,2016-OCT-29,8,121,3,2016-NOV-28,2,2,2017-JAN-05
23,1,2016-OCT-28,1,102,5,2016-NOV-27,6,5,2017-JAN-04
23,1,2016-OCT-28,2,104,10,2016-NOV-27,12,12,2017-JAN-04
23,1,2016-OCT-28,3,109,10,2016-NOV-27,10,6,2017-JAN-04
23,1,2016-OCT-28,4,110,1,2016-NOV-27,2,3,2017-JAN-04
23,1,2016-OCT-28,5,115,5,2016-NOV-27,14,12,2017-JAN-04
23,1,2016-OCT-28,6,122,1,2016-NOV-27,1,2,2017-JAN-04
23,1,2016-OCT-28,7,127,3,2016-NOV-27,2,1,2017-JAN-04
23,1,2016-OCT-28,8,100,3,2016-NOV-27,9,6,2017-JAN-04
23,2,2016-OCT-28,1,70,10,2016-NOV-27,5,3,2017-JAN-04
23,2,2016-OCT-28,2,66,1,2016-NOV-27,1,1,2017-JAN-04
23,2,2016-OCT-28,3,64,10,2016-NOV-27,9,7,2017-JAN-04
23,2,2016-OCT-28,4,59,1,2016-NOV-27,5,2,2017-JAN-04
23,2,2016-OCT-28,5,75,3,2016-NOV-27,1,1,2017-JAN-04
23,2,2016-OCT-28,6,74,5,2016-NOV-27,4,4,2017-JAN-04
23,2,2016-OCT-28,7,73,5,2016-NOV-27,9,7,2017-JAN-04
23,2,2016-OCT-28,8,72,3,2016-NOV-27,6,4,2017-JAN-04
24,2,2016-OCT-28,1,70,5,2016-NOV-27,6,3,2017-JAN-04
24,2,2016-OCT-28,2,71,5,2016-NOV-27,14,17,2017-JAN-04
24,2,2016-OCT-28,3,75,3,2016-NOV-27,7,13,2017-JAN-04
24,2,2016-OCT-28,4,77,1,2016-NOV-27,1,1,2017-JAN-04
24,2,2016-OCT-28,5,73,10,2016-NOV-27,6,16,2017-JAN-04
24,2,2016-OCT-28,6,74,3,2016-NOV-27,6,10,2017-JAN-04
24,2,2016-OCT-28,7,74,1,2016-NOV-27,4,5,2017-JAN-04
24,2,2016-OCT-28,8,74,10,2016-NOV-27,13,10,2017-JAN-04
24,3,2016-OCT-28,1,22,3,2016-NOV-27,11,9,2017-JAN-04
24,3,2016-OCT-28,2,21,10,2016-NOV-27,2,4,2017-JAN-04
24,3,2016-OCT-28,3,19,1,2016-NOV-27,4,4,2017-JAN-04
24,3,2016-OCT-28,4,17,5,2016-NOV-27,16,21,2017-JAN-04
24,3,2016-OCT-28,5,15,3,2016-NOV-27,6,10,2017-JAN-04
24,3,2016-OCT-28,6,15,1,2016-NOV-27,3,4,2017-JAN-04
24,3,2016-OCT-28,7,14,10,2016-NOV-27,4,10,2017-JAN-04
24,3,2016-OCT-28,8,13,5,2016-NOV-27,18,9,2017-JAN-04
25,1,2016-OCT-28,1,109,5,2016-NOV-27,9,6,2017-JAN-04
25,1,2016-OCT-28,2,120,1,2016-NOV-27,1,1,2017-JAN-04
25,1,2016-OCT-28,3,120,3,2016-NOV-27,1,1,2017-JAN-04
25,1,2016-OCT-28,4,108,5,2016-NOV-27,3,1,2017-JAN-04
25,1,2016-OCT-28,5,105,1,2016-NOV-27,3,5,2017-JAN-04
25,1,2016-OCT-28,6,98,10,2016-NOV-27,13,6,2017-JAN-04
25,1,2016-OCT-28,7,117,NA,2016-NOV-27,NA,NA,2017-JAN-04
25,1,2016-OCT-28,8,115,NA,2016-NOV-27,NA,NA,2017-JAN-04
25,2,2016-OCT-28,1,23,5,2016-NOV-27,21,17,2017-JAN-04
25,2,2016-OCT-28,2,21,1,2016-NOV-27,1,1,2017-JAN-04
25,2,2016-OCT-28,3,13,5,2016-NOV-27,12,17,2017-JAN-04
25,2,2016-OCT-28,4,9,3,2016-NOV-27,9,9,2017-JAN-04
25,2,2016-OCT-28,5,2,10,2016-NOV-27,13,17,2017-JAN-04
25,2,2016-OCT-28,6,23,10,2016-NOV-27,5,6,2017-JAN-04
25,2,2016-OCT-28,7,25,1,2016-NOV-27,1,1,2017-JAN-04
25,2,2016-OCT-28,8,24,3,2016-NOV-27,6,4,2017-JAN-04
25,3,2016-OCT-28,1,107,10,2016-NOV-27,11,12,2017-JAN-04
25,3,2016-OCT-28,2,110,3,2016-NOV-27,10,8,2017-JAN-04
25,3,2016-OCT-28,3,101,1,2016-NOV-27,3,6,2017-JAN-04
25,3,2016-OCT-28,4,103,1,2016-NOV-27,6,9,2017-JAN-04
25,3,2016-OCT-28,5,104,5,2016-NOV-27,11,11,2017-JAN-04
25,3,2016-OCT-28,6,105,5,2016-NOV-27,7,8,2017-JAN-04
25,3,2016-OCT-28,7,115,3,2016-NOV-27,11,10,2017-JAN-04
25,3,2016-OCT-28,8,125,10,2016-NOV-27,16,20,2017-JAN-04
26,1,2016-OCT-28,1,108,1,2016-NOV-27,8,4,2017-JAN-04
26,1,2016-OCT-28,2,109,3,2016-NOV-27,9,10,2017-JAN-04
26,1,2016-OCT-28,3,110,3,2016-NOV-27,6,10,2017-JAN-04
26,1,2016-OCT-28,4,115,5,2016-NOV-27,17,17,2017-JAN-04
26,1,2016-OCT-28,5,118,10,2016-NOV-27,25,20,2017-JAN-04
26,1,2016-OCT-28,6,126,5,2016-NOV-27,20,10,2017-JAN-04
26,1,2016-OCT-28,7,118,1,2016-NOV-27,1,1,2017-JAN-04
26,1,2016-OCT-28,8,100,10,2016-NOV-27,10,13,2017-JAN-04
27,1,2016-OCT-28,1,105,1,2016-NOV-27,5,5,2017-JAN-04
27,1,2016-OCT-28,2,118,5,2016-NOV-27,16,21,2017-JAN-04
27,1,2016-OCT-28,3,119,3,2016-NOV-27,6,7,2017-JAN-04
27,1,2016-OCT-28,4,120,10,2016-NOV-27,19,21,2017-JAN-04
27,1,2016-OCT-28,5,123,1,2016-NOV-27,2,2,2017-JAN-04
27,1,2016-OCT-28,6,118,10,2016-NOV-27,15,18,2017-JAN-04
27,1,2016-OCT-28,7,104,5,2016-NOV-27,10,12,2017-JAN-04
27,1,2016-OCT-28,8,100,3,2016-NOV-27,2,6,2017-JAN-04
29,1,2016-OCT-28,1,4,3,2016-NOV-27,11,9,2017-JAN-04
29,1,2016-OCT-28,2,28,10,2016-NOV-27,4,3,2017-JAN-04
29,1,2016-OCT-28,3,9,5,2016-NOV-27,8,3,2017-JAN-04
29,1,2016-OCT-28,4,24,1,2016-NOV-27,1,1,2017-JAN-04
29,1,2016-OCT-28,5,24,10,2016-NOV-27,27,19,2017-JAN-04
29,1,2016-OCT-28,6,22,1,2016-NOV-27,2,3,2017-JAN-04
29,1,2016-OCT-28,7,21,5,2016-NOV-27,16,18,2017-JAN-04
29,1,2016-OCT-28,8,18,3,2016-NOV-27,1,1,2017-JAN-04
29,2,2016-OCT-28,1,67,5,2016-NOV-27,1,1,2017-JAN-04
29,2,2016-OCT-28,2,66,1,2016-NOV-27,1,1,2017-JAN-04
29,2,2016-OCT-28,3,58,10,2016-NOV-27,5,8,2017-JAN-04
29,2,2016-OCT-28,4,56,1,2016-NOV-27,2,5,2017-JAN-04
29,2,2016-OCT-28,5,54,10,2016-NOV-27,1,1,2017-JAN-04
29,2,2016-OCT-28,6,67,3,2016-NOV-27,1,1,2017-JAN-04
29,2,2016-OCT-28,7,70,3,2016-NOV-27,15,12,2017-JAN-04
29,2,2016-OCT-28,8,69,5,2016-NOV-27,10,14,2017-JAN-04
29,3,2016-OCT-28,1,116,3,2016-NOV-27,2,1,2017-JAN-04
29,3,2016-OCT-28,2,116,10,2016-NOV-27,3,7,2017-JAN-04
29,3,2016-OCT-28,3,117,5,2016-NOV-27,1,1,2017-JAN-04
29,3,2016-OCT-28,4,121,10,2016-NOV-27,7,9,2017-JAN-04
29,3,2016-OCT-28,5,125,3,2016-NOV-27,6,8,2017-JAN-04
29,3,2016-OCT-28,6,125,5,2016-NOV-27,10,9,2017-JAN-04
29,3,2016-OCT-28,7,136,1,2016-NOV-27,1,4,2017-JAN-04
29,3,2016-OCT-28,8,125,1,2016-NOV-27,7,3,2017-JAN-04
31,1,2016-OCT-28,1,67,10,2016-NOV-27,3,5,2017-JAN-04
31,1,2016-OCT-28,2,61,5,2016-NOV-27,16,10,2017-JAN-04
31,1,2016-OCT-28,3,57,3,2016-NOV-27,2,1,2017-JAN-04
31,1,2016-OCT-28,4,67,1,2016-NOV-27,5,8,2017-JAN-04
31,1,2016-OCT-28,5,83,1,2016-NOV-27,1,1,2017-JAN-04
31,1,2016-OCT-28,6,73,10,2016-NOV-27,4,4,2017-JAN-04
31,1,2016-OCT-28,7,73,5,2016-NOV-27,15,15,2017-JAN-04
31,1,2016-OCT-28,8,68,3,2016-NOV-27,4,4,2017-JAN-04
31,2,2016-OCT-28,1,12,10,2016-NOV-27,2,4,2017-JAN-04
31,2,2016-OCT-28,2,28,5,2016-NOV-27,12,14,2017-JAN-04
31,2,2016-OCT-28,3,27,5,2016-NOV-27,5,2,2017-JAN-04
31,2,2016-OCT-28,4,24,1,2016-NOV-27,1,1,2017-JAN-04
31,2,2016-OCT-28,5,22,1,2016-NOV-27,6,7,2017-JAN-04
31,2,2016-OCT-28,6,15,3,2016-NOV-27,7,8,2017-JAN-04
31,2,2016-OCT-28,7,12,3,2016-NOV-27,20,9,2017-JAN-04
31,2,2016-OCT-28,8,9,10,2016-NOV-27,1,1,2017-JAN-04
32,1,2016-OCT-28,1,126,5,2016-NOV-27,2,4,2017-JAN-04
32,1,2016-OCT-28,2,127,10,2016-NOV-27,1,1,2017-JAN-04
32,1,2016-OCT-28,3,108,3,2016-NOV-27,12,10,2017-JAN-04
32,1,2016-OCT-28,4,114,5,2016-NOV-27,15,20,2017-JAN-04
32,1,2016-OCT-28,5,117,10,2016-NOV-27,10,16,2017-JAN-04
32,1,2016-OCT-28,6,130,1,2016-NOV-27,1,2,2017-JAN-04
32,1,2016-OCT-28,7,132,1,2016-NOV-27,1,4,2017-JAN-04
32,1,2016-OCT-28,8,133,3,2016-NOV-27,2,1,2017-JAN-04
32,2,2016-OCT-28,1,18,5,2016-NOV-27,1,4,2017-JAN-04
32,2,2016-OCT-28,2,10,1,2016-NOV-27,5,9,2017-JAN-04
32,2,2016-OCT-28,3,13,5,2016-NOV-27,15,8,2017-JAN-04
32,2,2016-OCT-28,4,11,3,2016-NOV-27,1,1,2017-JAN-04
32,2,2016-OCT-28,5,11,10,2016-NOV-27,4,2,2017-JAN-04
32,2,2016-OCT-28,6,26,10,2016-NOV-27,10,11,2017-JAN-04
32,2,2016-OCT-28,7,24,3,2016-NOV-27,4,7,2017-JAN-04
32,2,2016-OCT-28,8,23,1,2016-NOV-27,3,5,2017-JAN-04
33,3,2016-OCT-28,1,20,3,2016-NOV-27,6,9,2017-JAN-04
33,3,2016-OCT-28,2,35,5,2016-NOV-27,2,2,2017-JAN-04
33,3,2016-OCT-28,3,3,3,2016-NOV-27,1,1,2017-JAN-04
33,3,2016-OCT-28,4,34,5,2016-NOV-27,1,1,2017-JAN-04
33,3,2016-OCT-28,5,29,10,2016-NOV-27,15,9,2017-JAN-04
33,3,2016-OCT-28,6,26,10,2016-NOV-27,20,14,2017-JAN-04
33,3,2016-OCT-28,7,14,1,2016-NOV-27,5,4,2017-JAN-04
33,3,2016-OCT-28,8,12,1,2016-NOV-27,7,7,2017-JAN-04
34,1,2016-OCT-28,1,8,10,2016-NOV-27,16,14,2017-JAN-04
34,1,2016-OCT-28,2,8,1,2016-NOV-27,1,1,2017-JAN-04
34,1,2016-OCT-28,3,-1,3,2016-NOV-27,2,1,2017-JAN-04
34,1,2016-OCT-28,4,14,3,2016-NOV-27,7,12,2017-JAN-04
34,1,2016-OCT-28,5,12,1,2016-NOV-27,5,7,2017-JAN-04
34,1,2016-OCT-28,6,11,10,2016-NOV-27,14,21,2017-JAN-04
34,1,2016-OCT-28,7,9,5,2016-NOV-27,9,5,2017-JAN-04
34,1,2016-OCT-28,8,16,5,2016-NOV-27,9,9,2017-JAN-04
35,2,2016-OCT-28,1,14,10,2016-NOV-27,11,17,2017-JAN-04
35,2,2016-OCT-28,2,20,1,2016-NOV-27,6,5,2017-JAN-04
35,2,2016-OCT-28,3,16,5,2016-NOV-27,21,27,2017-JAN-04
35,2,2016-OCT-28,4,16,1,2016-NOV-27,3,2,2017-JAN-04
35,2,2016-OCT-28,5,10,3,2016-NOV-27,2,4,2017-JAN-04
35,2,2016-OCT-28,6,20,10,2016-NOV-27,14,15,2017-JAN-04
35,2,2016-OCT-28,7,20,3,2016-NOV-27,19,16,2017-JAN-04
35,2,2016-OCT-28,8,19,5,2016-NOV-27,6,13,2017-JAN-04
36,3,2016-OCT-28,1,114,5,2016-NOV-27,1,1,2017-JAN-04
36,3,2016-OCT-28,2,114,10,2016-NOV-27,29,19,2017-JAN-04
36,3,2016-OCT-28,3,109,1,2016-NOV-27,3,2,2017-JAN-04
36,3,2016-OCT-28,4,120,10,2016-NOV-27,19,19,2017-JAN-04
36,3,2016-OCT-28,5,120,5,2016-NOV-27,10,8,2017-JAN-04
36,3,2016-OCT-28,6,122,1,2016-NOV-27,3,3,2017-JAN-04
36,3,2016-OCT-28,7,124,3,2016-NOV-27,12,14,2017-JAN-04
36,3,2016-OCT-28,8,109,3,2016-NOV-27,7,5,2017-JAN-04
37,1,2016-OCT-28,1,63,1,2016-NOV-27,4,5,2017-JAN-04
37,1,2016-OCT-28,2,72,3,2016-NOV-27,6,4,2017-JAN-04
37,1,2016-OCT-28,3,61,5,2016-NOV-27,16,13,2017-JAN-04
37,1,2016-OCT-28,4,70,10,2016-NOV-27,26,19,2017-JAN-04
37,1,2016-OCT-28,5,65,10,2016-NOV-27,14,9,2017-JAN-04
37,1,2016-OCT-28,6,65,1,2016-NOV-27,4,6,2017-JAN-04
37,1,2016-OCT-28,7,61,5,2016-NOV-27,1,3,2017-JAN-04
37,1,2016-OCT-28,8,60,3,2016-NOV-27,8,7,2017-JAN-04
37,3,2016-OCT-28,1,80,1,2016-NOV-27,1,3,2017-JAN-04
37,3,2016-OCT-28,2,59,10,2016-NOV-27,6,8,2017-JAN-04
37,3,2016-OCT-28,3,65,3,2016-NOV-27,2,7,2017-JAN-04
37,3,2016-OCT-28,4,69,10,2016-NOV-27,24,23,2017-JAN-04
37,3,2016-OCT-28,5,75,1,2016-NOV-27,1,1,2017-JAN-04
37,3,2016-OCT-28,6,76,5,2016-NOV-27,3,4,2017-JAN-04
37,3,2016-OCT-28,7,77,5,2016-NOV-27,9,10,2017-JAN-04
37,3,2016-OCT-28,8,71,3,2016-NOV-27,3,7,2017-JAN-04
38,1,2016-OCT-28,1,26,1,2016-NOV-27,3,2,2017-JAN-04
38,1,2016-OCT-28,2,20,3,2016-NOV-27,5,7,2017-JAN-04
38,1,2016-OCT-28,3,20,10,2016-NOV-27,19,26,2017-JAN-04
38,1,2016-OCT-28,4,17,1,2016-NOV-27,4,2,2017-JAN-04
38,1,2016-OCT-28,5,11,3,2016-NOV-27,2,2,2017-JAN-04
38,1,2016-OCT-28,6,10,5,2016-NOV-27,7,17,2017-JAN-04
38,1,2016-OCT-28,7,5,5,2016-NOV-27,2,2,2017-JAN-04
38,1,2016-OCT-28,8,13,10,2016-NOV-27,2,4,2017-JAN-04
38,2,2016-OCT-28,1,54,1,2016-NOV-27,7,4,2017-JAN-04
38,2,2016-OCT-28,2,53,3,2016-NOV-27,4,6,2017-JAN-04
38,2,2016-OCT-28,3,53,10,2016-NOV-27,3,4,2017-JAN-04
38,2,2016-OCT-28,4,49,10,2016-NOV-27,17,23,2017-JAN-04
38,2,2016-OCT-28,5,79,5,2016-NOV-27,4,12,2017-JAN-04
38,2,2016-OCT-28,6,70,5,2016-NOV-27,2,4,2017-JAN-04
38,2,2016-OCT-28,7,65,1,2016-NOV-27,4,5,2017-JAN-04
38,2,2016-OCT-28,8,64,3,2016-NOV-27,1,1,2017-JAN-04
38,3,2016-OCT-28,1,62,1,2016-NOV-27,8,5,2017-JAN-04
38,3,2016-OCT-28,2,62,1,2016-NOV-27,5,7,2017-JAN-04
38,3,2016-OCT-28,3,59,3,2016-NOV-27,4,6,2017-JAN-04
38,3,2016-OCT-28,4,48,5,2016-NOV-27,16,15,2017-JAN-04
38,3,2016-OCT-28,5,89,5,2016-NOV-27,7,9,2017-JAN-04
38,3,2016-OCT-28,6,56,3,2016-NOV-27,1,1,2017-JAN-04
38,3,2016-OCT-28,7,88,10,2016-NOV-27,1,1,2017-JAN-04
38,3,2016-OCT-28,8,63,10,2016-NOV-27,24,24,2017-JAN-04
39,1,2016-OCT-28,1,115,1,2016-NOV-27,4,8,2017-JAN-04
39,1,2016-OCT-28,2,118,1,2016-NOV-27,1,4,2017-JAN-04
39,1,2016-OCT-28,3,121,10,2016-NOV-27,4,2,2017-JAN-04
39,1,2016-OCT-28,4,121,3,2016-NOV-27,17,9,2017-JAN-04
39,1,2016-OCT-28,5,121,5,2016-NOV-27,4,5,2017-JAN-04
39,1,2016-OCT-28,6,115,3,2016-NOV-27,16,14,2017-JAN-04
39,1,2016-OCT-28,7,121,10,2016-NOV-27,7,8,2017-JAN-04
39,1,2016-OCT-28,8,122,5,2016-NOV-27,4,8,2017-JAN-04
39,3,2016-OCT-28,1,70,3,2016-NOV-27,9,6,2017-JAN-04
39,3,2016-OCT-28,2,64,1,2016-NOV-27,1,3,2017-JAN-04
39,3,2016-OCT-28,3,71,3,2016-NOV-27,13,8,2017-JAN-04
39,3,2016-OCT-28,4,64,10,2016-NOV-27,9,11,2017-JAN-04
39,3,2016-OCT-28,5,61,10,2016-NOV-27,1,1,2017-JAN-04
39,3,2016-OCT-28,6,60,5,2016-NOV-27,18,14,2017-JAN-04
39,3,2016-OCT-28,7,56,5,2016-NOV-27,9,20,2017-JAN-04
39,3,2016-OCT-28,8,60,1,2016-NOV-27,4,9,2017-JAN-04
40,2,2016-OCT-28,1,62,3,2016-NOV-27,4,6,2017-JAN-04
40,2,2016-OCT-28,2,69,10,2016-NOV-27,6,5,2017-JAN-04
40,2,2016-OCT-28,3,71,10,2016-NOV-27,29,19,2017-JAN-04
40,2,2016-OCT-28,4,72,5,2016-NOV-27,11,11,2017-JAN-04
40,2,2016-OCT-28,5,85,5,2016-NOV-27,4,5,2017-JAN-04
40,2,2016-OCT-28,6,67,3,2016-NOV-27,1,1,2017-JAN-04
40,2,2016-OCT-28,7,44,1,2016-NOV-27,1,1,2017-JAN-04
40,2,2016-OCT-28,8,48,1,2016-NOV-27,1,1,2017-JAN-04
40,3,2016-OCT-28,1,114,10,2016-NOV-27,1,1,2017-JAN-04
40,3,2016-OCT-28,2,114,3,2016-NOV-27,16,12,2017-JAN-04
40,3,2016-OCT-28,3,115,5,2016-NOV-27,9,13,2017-JAN-04
40,3,2016-OCT-28,4,118,3,2016-NOV-27,11,14,2017-JAN-04
40,3,2016-OCT-28,5,122,1,2016-NOV-27,1,1,2017-JAN-04
40,3,2016-OCT-28,6,123,1,2016-NOV-27,3,4,2017-JAN-04
40,3,2016-OCT-28,7,124,10,2016-NOV-27,1,1,2017-JAN-04
40,3,2016-OCT-28,8,120,5,2016-NOV-27,21,15,2017-JAN-04
41,2,2016-OCT-31,1,119,1,2016-NOV-30,6,4,2017-JAN-07
41,2,2016-OCT-31,2,121,3,2016-NOV-30,14,20,2017-JAN-07
41,2,2016-OCT-31,3,122,10,2016-NOV-30,14,19,2017-JAN-07
41,2,2016-OCT-31,4,108,10,2016-NOV-30,16,16,2017-JAN-07
41,2,2016-OCT-31,5,110,3,2016-NOV-30,13,14,2017-JAN-07
41,2,2016-OCT-31,6,122,5,2016-NOV-30,13,15,2017-JAN-07
41,2,2016-OCT-31,7,118,5,2016-NOV-30,18,10,2017-JAN-07
41,2,2016-OCT-31,8,119,1,2016-NOV-30,1,2,2017-JAN-07
42,1,2016-OCT-31,1,66,10,2016-NOV-30,6,6,2017-JAN-07
42,1,2016-OCT-31,2,60,1,2016-NOV-30,6,2,2017-JAN-07
42,1,2016-OCT-31,3,61,10,2016-NOV-30,8,12,2017-JAN-07
42,1,2016-OCT-31,4,62,5,2016-NOV-30,15,17,2017-JAN-07
42,1,2016-OCT-31,5,69,5,2016-NOV-30,13,25,2017-JAN-07
42,1,2016-OCT-31,6,68,1,2016-NOV-30,8,4,2017-JAN-07
42,1,2016-OCT-31,7,69,3,2016-NOV-30,17,15,2017-JAN-07
42,1,2016-OCT-31,8,69,3,2016-NOV-30,6,6,2017-JAN-07
42,3,2016-OCT-31,1,23,10,2016-NOV-30,21,16,2017-JAN-07
42,3,2016-OCT-31,2,21,1,2016-NOV-30,3,4,2017-JAN-07
42,3,2016-OCT-31,3,15,5,2016-NOV-30,18,16,2017-JAN-07
42,3,2016-OCT-31,4,14,10,2016-NOV-30,22,24,2017-JAN-07
42,3,2016-OCT-31,5,10,3,2016-NOV-30,15,20,2017-JAN-07
42,3,2016-OCT-31,6,10,5,2016-NOV-30,6,10,2017-JAN-07
42,3,2016-OCT-31,7,10,1,2016-NOV-30,6,5,2017-JAN-07
42,3,2016-OCT-31,8,9,3,2016-NOV-30,2,3,2017-JAN-07
43,1,2016-OCT-31,1,72,10,2016-NOV-30,10,5,2017-JAN-07
43,1,2016-OCT-31,2,56,1,2016-NOV-30,4,1,2017-JAN-07
43,1,2016-OCT-31,3,68,5,2016-NOV-30,18,18,2017-JAN-07
43,1,2016-OCT-31,4,71,1,2016-NOV-30,6,9,2017-JAN-07
43,1,2016-OCT-31,5,56,3,2016-NOV-30,11,11,2017-JAN-07
43,1,2016-OCT-31,6,56,3,2016-NOV-30,11,5,2017-JAN-07
43,1,2016-OCT-31,7,58,5,2016-NOV-30,20,20,2017-JAN-07
43,1,2016-OCT-31,8,62,10,2016-NOV-30,26,24,2017-JAN-07
44,1,2016-OCT-31,1,65,3,2016-NOV-30,14,10,2017-JAN-07
44,1,2016-OCT-31,2,67,10,2016-NOV-30,4,4,2017-JAN-07
44,1,2016-OCT-31,3,68,10,2016-NOV-30,16,17,2017-JAN-07
44,1,2016-OCT-31,4,68,5,2016-NOV-30,13,10,2017-JAN-07
44,1,2016-OCT-31,5,74,5,2016-NOV-30,5,12,2017-JAN-07
44,1,2016-OCT-31,6,72,1,2016-NOV-30,4,4,2017-JAN-07
44,1,2016-OCT-31,7,68,1,2016-NOV-30,6,7,2017-JAN-07
44,1,2016-OCT-31,8,72,3,2016-NOV-30,7,8,2017-JAN-07
44,3,2016-OCT-31,1,13,10,2016-NOV-30,9,18,2017-JAN-07
44,3,2016-OCT-31,2,10,1,2016-NOV-30,6,8,2017-JAN-07
44,3,2016-OCT-31,3,10,3,2016-NOV-30,6,9,2017-JAN-07
44,3,2016-OCT-31,4,9,1,2016-NOV-30,2,5,2017-JAN-07
44,3,2016-OCT-31,5,27,3,2016-NOV-30,10,10,2017-JAN-07
44,3,2016-OCT-31,6,23,5,2016-NOV-30,13,15,2017-JAN-07
44,3,2016-OCT-31,7,21,10,2016-NOV-30,18,22,2017-JAN-07
44,3,2016-OCT-31,8,18,5,2016-NOV-30,11,18,2017-JAN-07
45,1,2016-OCT-31,1,124,10,2016-NOV-30,19,16,2017-JAN-07
45,1,2016-OCT-31,2,110,1,2016-NOV-30,3,5,2017-JAN-07
45,1,2016-OCT-31,3,107,1,2016-NOV-30,3,6,2017-JAN-07
45,1,2016-OCT-31,4,108,3,2016-NOV-30,11,13,2017-JAN-07
45,1,2016-OCT-31,5,109,5,2016-NOV-30,3,14,2017-JAN-07
45,1,2016-OCT-31,6,119,3,2016-NOV-30,8,12,2017-JAN-07
45,1,2016-OCT-31,7,116,10,2016-NOV-30,2,2,2017-JAN-07
45,1,2016-OCT-31,8,111,5,2016-NOV-30,18,20,2017-JAN-07
45,2,2016-OCT-31,1,132,10,2016-NOV-30,15,16,2017-JAN-07
45,2,2016-OCT-31,2,112,5,2016-NOV-30,4,8,2017-JAN-07
45,2,2016-OCT-31,3,100,1,2016-NOV-30,4,5,2017-JAN-07
45,2,2016-OCT-31,4,105,10,2016-NOV-30,4,6,2017-JAN-07
45,2,2016-OCT-31,5,108,1,2016-NOV-30,4,7,2017-JAN-07
45,2,2016-OCT-31,6,123,3,2016-NOV-30,12,13,2017-JAN-07
45,2,2016-OCT-31,7,125,5,2016-NOV-30,14,12,2017-JAN-07
45,2,2016-OCT-31,8,118,3,2016-NOV-30,8,8,2017-JAN-07
46,1,2016-OCT-31,1,62,10,2016-NOV-30,6,6,2017-JAN-07
46,1,2016-OCT-31,2,66,3,2016-NOV-30,1,1,2017-JAN-07
46,1,2016-OCT-31,3,69,1,2016-NOV-30,4,8,2017-JAN-07
46,1,2016-OCT-31,4,77,10,2016-NOV-30,4,6,2017-JAN-07
46,1,2016-OCT-31,5,57,3,2016-NOV-30,11,12,2017-JAN-07
46,1,2016-OCT-31,6,56,1,2016-NOV-30,10,7,2017-JAN-07
46,1,2016-OCT-31,7,56,5,2016-NOV-30,13,17,2017-JAN-07
46,1,2016-OCT-31,8,56,5,2016-NOV-30,14,16,2017-JAN-07
46,2,2016-OCT-31,1,25,1,2016-NOV-30,3,3,2017-JAN-07
46,2,2016-OCT-31,2,12,5,2016-NOV-30,12,14,2017-JAN-07
46,2,2016-OCT-31,3,12,10,2016-NOV-30,8,8,2017-JAN-07
46,2,2016-OCT-31,4,12,3,2016-NOV-30,16,17,2017-JAN-07
46,2,2016-OCT-31,5,11,3,2016-NOV-30,4,12,2017-JAN-07
46,2,2016-OCT-31,6,18,1,2016-NOV-30,3,3,2017-JAN-07
46,2,2016-OCT-31,7,14,5,2016-NOV-30,12,12,2017-JAN-07
46,2,2016-OCT-31,8,13,10,2016-NOV-30,4,10,2017-JAN-07
47,3,2016-OCT-31,1,19,5,2016-NOV-30,26,24,2017-JAN-07
47,3,2016-OCT-31,2,24,1,2016-NOV-30,6,7,2017-JAN-07
47,3,2016-OCT-31,3,22,3,2016-NOV-30,9,13,2017-JAN-07
47,3,2016-OCT-31,4,15,10,2016-NOV-30,15,18,2017-JAN-07
47,3,2016-OCT-31,5,15,1,2016-NOV-30,7,4,2017-JAN-07
47,3,2016-OCT-31,6,13,10,2016-NOV-30,10,8,2017-JAN-07
47,3,2016-OCT-31,7,22,3,2016-NOV-30,15,13,2017-JAN-07
47,3,2016-OCT-31,8,19,5,2016-NOV-30,17,12,2017-JAN-07
48,1,2016-OCT-31,1,118,10,2016-NOV-30,26,25,2017-JAN-07
48,1,2016-OCT-31,2,104,5,2016-NOV-30,13,15,2017-JAN-07
48,1,2016-OCT-31,3,122,3,2016-NOV-30,4,9,2017-JAN-07
48,1,2016-OCT-31,4,124,3,2016-NOV-30,8,7,2017-JAN-07
48,1,2016-OCT-31,5,125,1,2016-NOV-30,5,8,2017-JAN-07
48,1,2016-OCT-31,6,111,5,2016-NOV-30,11,17,2017-JAN-07
48,1,2016-OCT-31,7,113,10,2016-NOV-30,1,1,2017-JAN-07
48,1,2016-OCT-31,8,130,1,2016-NOV-30,4,2,2017-JAN-07
48,2,2016-OCT-31,1,117,5,2016-NOV-30,6,6,2017-JAN-07
48,2,2016-OCT-31,2,119,3,2016-NOV-30,11,8,2017-JAN-07
48,2,2016-OCT-31,3,117,5,2016-NOV-30,1,1,2017-JAN-07
48,2,2016-OCT-31,4,108,3,2016-NOV-30,6,6,2017-JAN-07
48,2,2016-OCT-31,5,118,10,2016-NOV-30,18,20,2017-JAN-07
48,2,2016-OCT-31,6,118,1,2016-NOV-30,5,6,2017-JAN-07
48,2,2016-OCT-31,7,118,1,2016-NOV-30,2,6,2017-JAN-07
48,2,2016-OCT-31,8,118,10,2016-NOV-30,16,24,2017-JAN-07
48,3,2016-OCT-31,1,26,1,2016-NOV-30,4,8,2017-JAN-07
48,3,2016-OCT-31,2,26,1,2016-NOV-30,5,7,2017-JAN-07
48,3,2016-OCT-31,3,22,5,2016-NOV-30,16,21,2017-JAN-07
48,3,2016-OCT-31,4,21,5,2016-NOV-30,16,13,2017-JAN-07
48,3,2016-OCT-31,5,15,10,2016-NOV-30,8,3,2017-JAN-07
48,3,2016-OCT-31,6,13,3,2016-NOV-30,7,8,2017-JAN-07
48,3,2016-OCT-31,7,13,3,2016-NOV-30,1,1,2017-JAN-07
48,3,2016-OCT-31,8,13,10,2016-NOV-30,27,21,2017-JAN-07
49,2,2016-OCT-31,1,73,5,2016-NOV-30,23,12,2017-JAN-07
49,2,2016-OCT-31,2,58,1,2016-NOV-30,5,5,2017-JAN-07
49,2,2016-OCT-31,3,59,5,2016-NOV-30,17,22,2017-JAN-07
49,2,2016-OCT-31,4,71,1,2016-NOV-30,1,1,2017-JAN-07
49,2,2016-OCT-31,5,58,3,2016-NOV-30,1,1,2017-JAN-07
49,2,2016-OCT-31,6,61,10,2016-NOV-30,29,30,2017-JAN-07
49,2,2016-OCT-31,7,66,10,2016-NOV-30,2,1,2017-JAN-07
49,2,2016-OCT-31,8,71,3,2016-NOV-30,17,13,2017-JAN-07
